,titles,area,city,company,job_type,career_level,experience_needed,skills_and_tools,urls
0,Mid Senior Data Analyst,Maadi,Cairo,Worex,Full Time,Experienced,3+ Yrs of Exp,Data Analysis | Data Analyst | Information Technology (IT) | Big Data | Administration | Business Administration,https://wuzzuf.net/jobs/p/0T6a4KDMsFNn-Mid-Senior-Data-Analyst-Worex-Cairo-Egypt?o=1&l=sp&t=sj&a=Data-Analyst|search-v3|navbg
1,Junior Data Analyst,Maadi,Cairo,Worex,Full Time,Entry Level,1 - 2 Yrs of Exp,Analyst | Data Analyst | Data Analysis | Information Technology (IT) | Analysis,https://wuzzuf.net/jobs/p/iq5jLz08Y7Fb-Junior-Data-Analyst-Worex-Cairo-Egypt?o=2&l=sp&t=sj&a=Data-Analyst|search-v3|navbg
2,Senior Data Analyst - Business Intelligence,Maadi,Cairo,Confidential,Full Time,Experienced,3 - 5 Yrs of Exp,Analyst | Business Administration | business | BI | Project Management | Data Analyst | Information Technology (IT),https://wuzzuf.net/jobs/p/FdG6WamryKOU-Senior-Data-Analyst---Business-Intelligence-Cairo-Egypt?o=3&l=sp&t=sj&a=Data-Analyst|search-v3|navbg
3,E-Commerce & Marketing Data Analyst,New Cairo,Cairo,Confidential,Full Time,Experienced,3 - 6 Yrs of Exp,Market Research | Data Analysis | Analysis | Marketing | E-Marketing | Social Media | E-Commerce,https://wuzzuf.net/jobs/p/jzNIjX873nvy-E-Commerce-Marketing-Data-Analyst-Cairo-Egypt?o=4&l=sp&t=sj&a=Data-Analyst|search-v3|navbg
4,Data Analyst| MIS,Maadi,Cairo,GlobeMed Egypt,Full Time,Experienced,2 - 5 Yrs of Exp,MIS | Data Analytics | SAS | SQL | Tableau | Analysis | Database,https://wuzzuf.net/jobs/p/UZjhvK3rVYOC-Data-Analyst-MIS-GlobeMed-Egypt-Cairo-Egypt?o=5&l=sp&t=sj&a=Data-Analyst|search-v3|navbg
5,Data Analyst,New Cairo,Cairo,Arma Foods,Full Time,Experienced,3 - 5 Yrs of Exp,Data Analysis | Analysis | Computer Science | Information Technology (IT) | Reporting | Power BI | IT | analytical,https://wuzzuf.net/jobs/p/3ZTNoLhqBc6T-Data-Analyst-Arma-Foods-Cairo-Egypt?o=6&l=sp&t=sj&a=Data-Analyst|search-v3|navbg
6,Data Analyst,Sheikh Zayed,Giza,Spark Systems,Full Time,Entry Level,1 - 2 Yrs of Exp,Analysis | business | BI | Computer Science | Power BI | Software | Reporting,https://wuzzuf.net/jobs/p/1vD8UNEXx8ia-Data-Analyst-Spark-Systems-Giza-Egypt?o=7&l=sp&t=sj&a=Data-Analyst|search-v3|navbg
7,Data Analyst,Nozha,Cairo,GPS,Full Time,Experienced,3 - 5 Yrs of Exp,Analysis | Data Analysis | Reporting | Computer Science | English | MS Office | Information Technology (IT),https://wuzzuf.net/jobs/p/3gKxwLEn2AQf-Data-Analyst-GPS-Cairo-Egypt?o=8&l=sp&t=sj&a=Data-Analyst|search-v3|navbg
8,Business Data Analyst,Smart Village,Giza,Fawry Plus,Full Time,Entry Level,1 - 3 Yrs of Exp,business | Analyst | Business Analysis | Data Analyst | Analysis | Data Analysis | English | Information Technology (IT) | Computer Science,https://wuzzuf.net/jobs/p/R8iqlBsI38Af-Business-Data-Analyst-Fawry-Plus-Giza-Egypt?o=9&l=sp&t=sj&a=Data-Analyst|search-v3|navbg
9,Senior Digital Data Analyst (Remote Job),New Cairo,Cairo,Mindfield,Full Time | Work From Home,Experienced,3 - 5 Yrs of Exp,Social Media | Digital Marketing | Data Analysis | Planning | Marketing | Google Analytics | Computer Science | Business Administration,https://wuzzuf.net/jobs/p/HKEQYe3RTJbt-Senior-Digital-Data-Analyst-Remote-Job-Mindfield-Cairo-Egypt?o=10&l=sp&t=sj&a=Data-Analyst|search-v3|navbg
10,Advanced Junior Financial Data Analyst,Nasr City,Cairo,Z2 Data,Full Time,Entry Level,1 - 2 Yrs of Exp,Accounting | Analysis | Data Analysis | Communication skills | Economics | English | Business Analysis | Financial Analysis | Microsoft Excel,https://wuzzuf.net/jobs/p/uDOq5pUnCS0S-Advanced-Junior-Financial-Data-Analyst-Z2-Data-Cairo-Egypt?o=11&l=sp&t=sj&a=Data-Analyst|search-v3|navbg
11,Senior Data Analyst,Heliopolis,Cairo,Confidential,Full Time,Experienced,3 - 5 Yrs of Exp,Analyst | business | Analysis | Data Analysis | Administration | Business Administration | Computer Science,https://wuzzuf.net/jobs/p/ZCEoSVUTHVP3-Senior-Data-Analyst-Cairo-Egypt?o=12&l=sp&t=sj&a=Data-Analyst|search-v3|navbg
12,Data Analyst,Nasr City,Cairo,Unimix Egypt for Readymix concrete,Full Time,Experienced,3 - 5 Yrs of Exp,Business Analysis | Analysis | Data Analysis | Computer Science | Information Technology (IT) | Analytical | Business,https://wuzzuf.net/jobs/p/dIieJT5piZvq-Data-Analyst-Unimix-Egypt-for-Readymix-concrete-Cairo-Egypt?o=13&l=sp&t=sj&a=Data-Analyst|search-v3|navbg
13,Data Analyst,6th of October,Giza,Olam SVI,Full Time,Entry Level,0 - 1 Yrs of Exp,Analysis | Data Analysis | MS Excel | Computer Science | Information Technology (IT) | English | SAP,https://wuzzuf.net/jobs/p/SqZCjDBkUe22-Data-Analyst-Olam-SVI-Giza-Egypt?o=14&l=sp&t=sj&a=Data-Analyst|search-v3|navbg
14,Data Analyst,Katameya,Cairo,Souhoola,Full Time,Experienced,2 - 10 Yrs of Exp,Data Analysis | Computer Science | Information Technology (IT) | SQL | SAS | Python | Programming,https://wuzzuf.net/jobs/p/vMZ0M6bGdJJO-Data-Analyst-Souhoola-Cairo-Egypt?o=15&l=sp&t=sj&a=Data-Analyst|search-v3|navbg
15,HR Data Analyst,Cairo,Egypt,Confidential,Full Time,Experienced,4 - 5 Yrs of Exp,Analysis | analytical | Reporting | Data Analysis | Communication skills,https://wuzzuf.net/jobs/p/KauG5EAFjY2G-HR-Data-Analyst-Cairo-Egypt?o=16&l=sp&t=sj&a=Data-Analyst|search-v3|navbg
16,Data Analyst,Zamalek,Cairo,INSITE OOH,Full Time,Entry Level,1 - 2 Yrs of Exp,Analysis | Data Analysis | Python | Tableau | BI | Media Monitoring | Mass Media | Data Analytics,https://wuzzuf.net/jobs/p/FBpizNd0T9sS-Data-Analyst-INSITE-OOH-Cairo-Egypt?o=17&l=sp&t=sj&a=Data-Analyst|search-v3|navbg
17,Data Analyst,Bolkly,Alexandria,Nahr Development,Full Time | Work From Home,Entry Level,1 - 2 Yrs of Exp,Information Technology (IT) | BI | Analysis | business | analytical | SQL | Matplotlib,https://wuzzuf.net/jobs/p/HzSNvy6aNrjG-Data-Analyst-Nahr-Development-Alexandria-Egypt?o=18&l=sp&t=sj&a=Data-Analyst|search-v3|navbg
18,Data Analyst Supervisor,Cairo,Egypt,SURE International Technology,Full Time,Manager,5+ Yrs of Exp,BI | Data Analysis | Analysis | Python | Analytics | Commerce | Computer Science | Mathematics,https://wuzzuf.net/jobs/p/uwn9RWfwBHEl-Data-Analyst-Supervisor-SURE-International-Technology-Cairo-Egypt?o=19&l=sp&t=sj&a=Data-Analyst|search-v3|navbg
19,Data Analyst,Maadi,Cairo,Orient,Full Time,Entry Level,1+ Yrs of Exp,Data Analysis | Data Analytics | Financial Data Analysis | Business Analysis | Research Analysis | Business Analytics | Information Technology (IT) | English,https://wuzzuf.net/jobs/p/TyLikleWbGvQ-Data-Analyst-Orient-Cairo-Egypt?o=20&l=sp&t=sj&a=Data-Analyst|search-v3|navbg
20,Sales Analyst,Mohandessin,Giza,Confidential,Full Time,Experienced,3 - 5 Yrs of Exp,Data Analysis | Sales | Sales Analysis | Microsoft Office,https://wuzzuf.net/jobs/p/DXHSx6xqKhiI-Sales-Analyst-Giza-Egypt?o=21&l=sp&t=sj&a=Data-Analyst|search-v3|navbg
21,Market Analyst,Smart Village,Giza,Evergrow for Speciality Fertilizers,Full Time,Experienced,5 - 7 Yrs of Exp,Analyst | analytical | Data Analysis | Economics | Market Research | Marketing | SPSS | Agriculture | Fertilizers,https://wuzzuf.net/jobs/p/hA7EMuh05VHL-Market-Analyst-Evergrow-for-Speciality-Fertilizers-Giza-Egypt?o=22&l=sp&t=sj&a=Data-Analyst|search-v3|navbg
22,Senior Data Analyst,10th of Ramadan City,Cairo,Alarabia Group,Full Time,Experienced,2 - 5 Yrs of Exp,BI | BI Developer | Computer Science | developer | Information Technology (IT) | Power | Power BI,https://wuzzuf.net/jobs/p/BmrC2VkxUTdD-Senior-Data-Analyst-Alarabia-Group-Cairo-Egypt?o=23&l=sp&t=sj&a=Data-Analyst|search-v3|navbg
23,Business Intelligence Analyst,Nasr City,Cairo,WebBeds,Full Time,Experienced,3 - 5 Yrs of Exp,Analysis | BI | Business Analysis | Data | Management | SQL | Information Technology (IT),https://wuzzuf.net/jobs/p/GHJHSUJJKEDo-Business-Intelligence-Analyst-WebBeds-Cairo-Egypt?o=24&l=sp&t=sj&a=Data-Analyst|search-v3|navbg
24,Senior Business Excellence Analyst,Alexandria,Egypt,Caduceus Lane,Full Time,Experienced,5+ Yrs of Exp,Administration | Business Administration | Business Analysis | Communication skills | Data | Analysis | Data Analysis,https://wuzzuf.net/jobs/p/mnnaVOFpU7mO-Senior-Business-Excellence-Analyst-Caduceus-Lane-Alexandria-Egypt?o=25&l=sp&t=sj&a=Data-Analyst|search-v3|navbg
25,Senior Business Analyst / Product Owner,Nasr City,Cairo,New Innovation Technologies,Full Time,Experienced,5 - 8 Yrs of Exp,Technical Analysis | Analysis | Information Technology (IT) | Research | ERP | HIMS | R&amp;D | UX,https://wuzzuf.net/jobs/p/zPBecH8DWYir-Senior-Business-Analyst-Product-Owner-New-Innovation-Technologies-Cairo-Egypt?o=26&l=sp&t=sj&a=Data-Analyst|search-v3|navbg
26,Financial Analyst,6th of October,Giza,Raya Distribution,Full Time,Entry Level,0 - 2 Yrs of Exp,Accounting | business | Finance | Financial Data | analytical | Financial Analysis | Commerce | Financial,https://wuzzuf.net/jobs/p/nqgBpxn27cuq-Financial-Analyst-Raya-Distribution-Giza-Egypt?o=27&l=sp&t=sj&a=Data-Analyst|search-v3|navbg
27,Data Analyst,Salam City,Cairo,Grand Plast,Full Time,Experienced,7 - 12 Yrs of Exp,English | Data Analysis | Analysis | Computer Science | Information Technology (IT),https://wuzzuf.net/jobs/p/t1N5AIsGs5RH-Data-Analyst-Grand-Plast-Cairo-Egypt?o=28&l=sp&t=sj&a=Data-Analyst|search-v3|navbg
28,Senior Business Analyst,Dokki,Giza,Caelum Egypt,Full Time,Experienced,5+ Yrs of Exp,Analysis | Business Analysis | Business Development | Engineering | Science | System Analysis | Software,https://wuzzuf.net/jobs/p/ZjOoDVsUqEbH-Senior-Business-Analyst-Caelum-Egypt-Giza-Egypt?o=29&l=sp&t=sj&a=Data-Analyst|search-v3|navbg
29,Senior Digital Data Analyst,10th of Ramadan City,Cairo,Jazeera Paints,Full Time,Experienced,3 - 6 Yrs of Exp,Analysis | Analyst | analytical | business | Computer Science | Data | Data Analysis,https://wuzzuf.net/jobs/p/ICOsH15h8wvT-Senior-Digital-Data-Analyst-Jazeera-Paints-Cairo-Egypt?o=30&l=sp&t=sj&a=Data-Analyst|search-v3|navbg
30,Market Research Analyst,10th of Ramadan City,Sharqia,Progress Egypt,Full Time,Entry Level,0 - 2 Yrs of Exp,Market Research | Research analyst | Research | Marketing | Analyst | Writing | MS Office | Skills,https://wuzzuf.net/jobs/p/ZCetpyvSuZu0-Market-Research-Analyst-Progress-Egypt-Sharqia-Egypt?o=31&l=sp&t=sj&a=Data-Analyst|search-v3|navbg
31,Operations Research Analyst,New Cairo,Cairo,Confidential,Full Time,Experienced,5 - 10 Yrs of Exp,Analysis | Analyst | Operations Research | Research analyst | Research | Operations | Computer Science,https://wuzzuf.net/jobs/p/oF7SHVOwZVuR-Operations-Research-Analyst-Cairo-Egypt?o=32&l=sp&t=sj&a=Data-Analyst|search-v3|navbg
32,Business Analyst Team Lead,Dokki,Giza,Future Group,Full Time,Experienced,3 - 5 Yrs of Exp,Analysis | BI | SQL | business | Economics | Research | Political Science | Statistics,https://wuzzuf.net/jobs/p/uXkwy1X0HrQ4-Business-Analyst-Team-Lead-Future-Group-Giza-Egypt?o=33&l=sp&t=sj&a=Data-Analyst|search-v3|navbg
33,SAP Business Analyst,6th of October,Giza,Seoudi Supermarket,Full Time,Experienced,3 - 6 Yrs of Exp,Analysis | Business Analysis | computer | Computer Science | Information Technology (IT),https://wuzzuf.net/jobs/p/Ku70z3FTTTLa-SAP-Business-Analyst-Seoudi-Supermarket-Giza-Egypt?o=34&l=sp&t=sj&a=Data-Analyst|search-v3|navbg
34,BI Analyst,New Cairo,Cairo,Webhelp,Full Time,Entry Level,2+ Yrs of Exp,CRM | Power BI | SQL | Computer Science | Engineering,https://wuzzuf.net/jobs/p/RSOdwvluUXQA-BI-Analyst-Webhelp-Cairo-Egypt?o=35&l=sp&t=sj&a=Data-Analyst|search-v3|navbg
35,Business Analyst (Software),Nasr City,Cairo,Taqneen,Full Time,Experienced,4 - 7 Yrs of Exp,Information Technology (IT) | UI/UX | UI Design | Computer Science | Business Analysis | Communication skills | Software Development | Analysis,https://wuzzuf.net/jobs/p/rMz2DuVoia6K-Business-Analyst-Software-Taqneen-Cairo-Egypt?o=36&l=sp&t=sj&a=Data-Analyst|search-v3|navbg
36,Software Business Analyst,Mohandessin,Giza,Keys Group Services,Full Time,Experienced,3+ Yrs of Exp,Architecture | ARIS | Business Analysis | Computer Science | Enterprise | Information Technology (IT) | is,https://wuzzuf.net/jobs/p/OchJEFVbvHLC-Software-Business-Analyst-Keys-Group-Services-Giza-Egypt?o=37&l=sp&t=sj&a=Data-Analyst|search-v3|navbg
37,Costing Analyst,6th of October,Giza,IDH,Full Time,Entry Level,1 - 3 Yrs of Exp,English | Finance | Commerce | Accounting | Financial Analysis | Financial Management | Costing | Computer Skills,https://wuzzuf.net/jobs/p/tucQGj5EeY2x-Costing-Analyst-IDH-Giza-Egypt?o=38&l=sp&t=sj&a=Data-Analyst|search-v3|navbg
38,Senior Business Analyst,Cairo,Egypt,CYSHIELD,Full Time,Experienced,2 - 3 Yrs of Exp,Analyst | business | Analysis | Business Development | Business Analysis | Information Technology (IT) | Software Development,https://wuzzuf.net/jobs/p/qyEYhkjzrB67-Senior-Business-Analyst-CYSHIELD-Cairo-Egypt?o=39&l=sp&t=sj&a=Data-Analyst|search-v3|navbg
39,Business Analyst - Growing Multinational Co,Suez,Egypt,Confidential,Full Time,Experienced,4 - 7 Yrs of Exp,Business Analysis | Information Technology (IT) | Computer Science | Analysis | Arabic | Documentation | Agile,https://wuzzuf.net/jobs/p/lIU65847E9ch-Business-Analyst---Growing-Multinational-Co-Suez-Egypt?o=40&l=sp&t=sj&a=Data-Analyst|search-v3|navbg
40,Product Analyst - Intern,Maadi,Cairo,Wego,Internship,Entry Level,Analyst/Research,business | Business Analysis | Communication skills | Computer Science | E-Commerce | Engineering | Information Technology (IT) | Product | SQL,https://wuzzuf.net/internship/48e8tIzWG38Q-Product-Analyst---Intern-Wego-Cairo-Egypt?o=41&l=sp&t=sj&a=Data-Analyst|search-v3|navbg
41,Information Security Analyst,Maadi,Cairo,Confidential,Full Time,Experienced,3 - 5 Yrs of Exp,Information Security | IT | Computer Science | Information Systems | CEH | Security Systems | CISM,https://wuzzuf.net/jobs/p/J7OpYr9z50zT-Information-Security-Analyst-Cairo-Egypt?o=42&l=sp&t=sj&a=Data-Analyst|search-v3|navbg
42,Financial Analyst,Cairo,Egypt,DHL,Full Time,Manager,5 - 10 Yrs of Exp,Accounting | Analyst | Finance | Financial Analysis | financial analyst | Financial | Commerce,https://wuzzuf.net/jobs/p/PoKLJO97JHqE-Financial-Analyst-DHL-Cairo-Egypt?o=43&l=sp&t=sj&a=Data-Analyst|search-v3|navbg
43,Business Analyst,Sheraton,Cairo,BlueCloud,Full Time,Experienced,2 - 3 Yrs of Exp,Communication | Information Technology (IT) | computer | Computer Engineering | Engineering | Science | Software Development,https://wuzzuf.net/jobs/p/iNRYBn2Cxe98-Business-Analyst-BlueCloud-Cairo-Egypt?o=44&l=sp&t=sj&a=Data-Analyst|search-v3|navbg
44,Senior System Analyst,Maadi,Cairo,Confidential,Full Time,Experienced,8 - 10 Yrs of Exp,Analysis | Computer Science | Engineering | Information Systems | Design | System Analysis | Technical Writing | Documentation,https://wuzzuf.net/jobs/p/dgxKD7HBbI0Z-Senior-System-Analyst-Cairo-Egypt?o=45&l=sp&t=sj&a=Data-Analyst|search-v3|navbg
45,Digital Operations Analyst,Cairo,Egypt,Etisalat Egypt,Full Time,Experienced,5+ Yrs of Exp,Digital Marketing | Marketing | Telecom | analytical,https://wuzzuf.net/jobs/p/UCSGcpCpJlz1-Digital-Operations-Analyst-Etisalat-Egypt-Cairo-Egypt?o=46&l=sp&t=sj&a=Data-Analyst|search-v3|navbg
46,Senior Financial Analyst,Sheikh Zayed,Giza,Confidential,Full Time,Experienced,7 - 10 Yrs of Exp,Accounting | analytical | Analyst | Finance | Reporting | Financial Analysis | CFA | CMA,https://wuzzuf.net/jobs/p/MXl9ube4cOAe-Senior-Financial-Analyst-Giza-Egypt?o=47&l=sp&t=sj&a=Data-Analyst|search-v3|navbg
47,Quality Assurance Analyst,Smart Village,Giza,Fawry Banking & Payment Technology Services,Full Time,Entry Level,1 - 3 Yrs of Exp,Microsoft Excel | Quality Control | Quality Assurance | Skills | English | QA | Quality,https://wuzzuf.net/jobs/p/4GpAmOEBf0Vv-Quality-Assurance-Analyst-Fawry-Banking-Payment-Technology-Services-Giza-Egypt?o=48&l=sp&t=sj&a=Data-Analyst|search-v3|navbg
48,Financial Analyst & Feasibility Study Researcher,Cairo,Egypt,Turning Point for Consultancies and Development,Part Time | Freelance / Project,Experienced,5 - 20 Yrs of Exp,Feasibility Studies | Feasibility Study | Research | Analysis | Finance | Financial Analysis | Valuation | English,https://wuzzuf.net/jobs/p/AjMPsuJnRAau-Financial-Analyst-Feasibility-Study-Researcher-Turning-Point-for-Consultancies-and-Development-Cairo-Egypt?o=49&l=sp&t=sj&a=Data-Analyst|search-v3|navbg
49,Business Analyst,Heliopolis,Cairo,MTS,Full Time,Experienced,2 - 4 Yrs of Exp,Analysis | business | Business Analysis | Communication skills | Computer Science | Data | English,https://wuzzuf.net/jobs/p/BmFOCDQ9yjkf-Business-Analyst-MTS-Cairo-Egypt?o=50&l=sp&t=sj&a=Data-Analyst|search-v3|navbg
50,Business Analyst ( Project Base Onsite ),Dokki,Giza,Qsource,Freelance / Project,Entry Level,1 - 2 Yrs of Exp,Agile | Analysis | Business Analysis | business | Computer Science | Development | Engineering | Data | Information Technology (IT),https://wuzzuf.net/jobs/p/6tUZ9qgnSyGE-Business-Analyst-Project-Base-Onsite-Qsource-Giza-Egypt?o=51&l=sp&t=sj&a=Data-Analyst|search-v3|navbg
51,Business Analyst Section head,New Cairo,Cairo,EGYTURF,Full Time,Manager,5 - 8 Yrs of Exp,IT Service Management | Microsoft Certified IT Professional | Business Analysis,https://wuzzuf.net/jobs/p/piLSHyNEDA6v-Business-Analyst-Section-head-EGYTURF-Cairo-Egypt?o=52&l=sp&t=sj&a=Data-Analyst|search-v3|navbg
52,Data Analyst,Basatin,Cairo,Rashideen Egypt for Trade,Full Time,Experienced,2 - 5 Yrs of Exp,Analysis | Data | Data Analysis | Computer Science | ERP | Database,https://wuzzuf.net/jobs/p/vooDKVW6MBLG-Data-Analyst-Rashideen-Egypt-for-Trade-Cairo-Egypt?o=53&l=sp&t=sj&a=Data-Analyst|search-v3|navbg
53,Junior Data Quality Engineer,Maadi,Cairo,Worex,Full Time,Entry Level,1 - 2 Yrs of Exp,Data Management | Information Technology (IT) | data quality,https://wuzzuf.net/jobs/p/Mf1k9Dc3poFD-Junior-Data-Quality-Engineer-Worex-Cairo-Egypt?o=54&l=sp&t=sj&a=Data-Analyst|search-v3|navbg
54,Business Analyst -(International IT Firm ) KZBA,Cairo,Egypt,Pillars,Full Time,Experienced,8 - 11 Yrs of Exp,Business Analysis | Analysis | Computer Science | Information Technology (IT) | Communication skills | Quality Assurance,https://wuzzuf.net/jobs/p/bOUMF5ewIVUg-Business-Analyst--International-IT-Firm-KZBA-Pillars-Cairo-Egypt?o=55&l=sp&t=sj&a=Data-Analyst|search-v3|navbg
55,Financial Data Analyst - (French/Russian/German/Italy) Speakers,Heliopolis,Cairo,World Vest Base (WVB ),Full Time,Entry Level,0 - 2 Yrs of Exp,Alsun | Accounting | English | french | Russian | turkish | Analysis | Financial Analysis,https://wuzzuf.net/jobs/p/ucnvtntSpmhM-Financial-Data-Analyst---FrenchRussianGermanItaly-Speakers-World-Vest-Base-WVB-Cairo-Egypt?o=56&l=sp&t=sj&a=Data-Analyst|search-v3|navbg
56,Data analyst,Qalyub,Qalubia,Confidential,Full Time,Experienced,2 - 4 Yrs of Exp,Analysis | Commerce | Data Analysis | Software | Analyst | Finance | Data Analyst | Accounting,https://wuzzuf.net/jobs/p/SCmCjTNId6GC-Data-analyst-Qalubia-Egypt?o=57&l=sp&t=sj&a=Data-Analyst|search-v3|navbg
57,Senior Data Engineer,Cairo,Egypt,Edentech,Full Time,Experienced,5 - 12 Yrs of Exp,Information Technology (IT) | Computer Science | Software Development | Engineering | Programming | Communication skills | Java | Software,https://wuzzuf.net/jobs/p/egXP5qBhk2WO-Senior-Data-Engineer-Edentech-Cairo-Egypt?o=58&l=sp&t=sj&a=Data-Analyst|search-v3|navbg
58,Senior Data Insights Specialist,Cairo,Egypt,WUZZUF,Full Time | Work From Home,Experienced,3 - 5 Yrs of Exp,Analysis | Business Intelligence | Communication | Communication skills | Computer Science | Data Analysis | SQL,https://wuzzuf.net/jobs/p/QewilVmKKm8a-Senior-Data-Insights-Specialist-WUZZUF-Cairo-Egypt?o=59&l=sp&t=sj&a=Data-Analyst|search-v3|navbg
59,Data Analysis Instructor (Excel - Power BI),Nasr City,Cairo,EpsilonAI,Full Time | Part Time | Freelance / Project,Entry Level,1+ Yrs of Exp,Analysis | business | Business Intelligence | Data Analysis | Computer Science | Power BI | SQL,https://wuzzuf.net/jobs/p/oOKRpUGGzzuO-Data-Analysis-Instructor-Excel---Power-BI-EpsilonAI-Cairo-Egypt?o=60&l=sp&t=sj&a=Data-Analyst|search-v3|navbg
60,Data Scientist,Sheikh Zayed,Giza,Seoudi Supermarket,Full Time,Entry Level,1 - 4 Yrs of Exp,Data Science | Programming | Machine Learning | Python | Data Analytics | Computer Science | Information Technology (IT),https://wuzzuf.net/jobs/p/yvKLvGcoRMNa-Data-Scientist-Seoudi-Supermarket-Giza-Egypt?o=61&l=sp&t=sj&a=Data-Analyst|search-v3|navbg
61,Business Analyst - Call Center,Maadi,Cairo,Sykes Enterprises,Full Time | Work From Home,Entry Level,1 - 3 Yrs of Exp,Analysis | Analyst | business | Business Analyst | Business Analysis | Process Improvement | continuous improvement | Information Technology (IT),https://wuzzuf.net/jobs/p/YeNHGaErDRo7-Business-Analyst---Call-Center-Sykes-Enterprises-Cairo-Egypt?o=62&l=sp&t=sj&a=Data-Analyst|search-v3|navbg
62,Power BI Analyst,Nasr City,Cairo,Dynamicslink,Full Time,Entry Level,1 - 3 Yrs of Exp,Power BI | Analyzing data | Information Technology (IT) | Data | SQL | Computer Science | Telecom Engineering,https://wuzzuf.net/jobs/p/9KaMGqzG1270-Power-BI-Analyst-Dynamicslink-Cairo-Egypt?o=63&l=sp&t=sj&a=Data-Analyst|search-v3|navbg
63,Senior Business Analyst,New Cairo,Cairo,BI-Technologies,Full Time,Experienced,5+ Yrs of Exp,Business Analysis | business | Business Development | Computer Science | Information Technology (IT) | Data | Management,https://wuzzuf.net/jobs/p/uapZJVBC14fn-Senior-Business-Analyst-BI-Technologies-Cairo-Egypt?o=64&l=sp&t=sj&a=Data-Analyst|search-v3|navbg
64,Junior Data Scientist,Cairo,Egypt,Limitless Labs,Full Time,Experienced,2+ Yrs of Exp,Algorithms | Python | Data Analysis | Statistics | Machine Learning | Database | Oracle,https://wuzzuf.net/jobs/p/i2W03r66L3gu-Junior-Data-Scientist-Limitless-Labs-Cairo-Egypt?o=65&l=sp&t=sj&a=Data-Analyst|search-v3|navbg
65,Business Analyst / Associate Product Manager,Dokki,Giza,Future Group,Full Time | Work From Home,Experienced,2 - 3 Yrs of Exp,Analyst | Business Analysis | Product | Market Research | Project Management | Startup | Computer Science,https://wuzzuf.net/jobs/p/rdKDd4VEov7n-Business-Analyst-Associate-Product-Manager-Future-Group-Giza-Egypt?o=66&l=sp&t=sj&a=Data-Analyst|search-v3|navbg
66,Business Analyst,Nasr City,Cairo,SmartTech Systems,Full Time,Experienced,5+ Yrs of Exp,Information Technology (IT) | Analysis | Business Analysis | Software | Computer Science | Design | Communication | Modeling,https://wuzzuf.net/jobs/p/VtDXEvng8620-Business-Analyst-SmartTech-Systems-Cairo-Egypt?o=67&l=sp&t=sj&a=Data-Analyst|search-v3|navbg
67,Senior Business Analyst,Heliopolis,Cairo,United Media Services,Full Time,Experienced,2 - 5 Yrs of Exp,Business Analysis | English | Quality Assurance | System Analysis | Analysis,https://wuzzuf.net/jobs/p/SIhAbtcw5c77-Senior-Business-Analyst-United-Media-Services-Cairo-Egypt?o=68&l=sp&t=sj&a=Data-Analyst|search-v3|navbg
68,Feasibility Studies Specialist,Giza,Giza,FinBi Finance & Banking Consultants International,Full Time,Experienced,5 - 10 Yrs of Exp,Finance | Financial Analysis | Microsoft Excel | Accounting | Economics | Analysis | Feasibility | Feasibility Study,https://wuzzuf.net/jobs/p/wPVXzVFs3FVf-Feasibility-Studies-Specialist-FinBi-Finance-Banking-Consultants-International-Giza-Egypt?o=69&l=sp&t=sj&a=Data-Analyst|search-v3|navbg
69,Claims and Data Specialist,Sheraton,Cairo,Wisely Insure,Full Time,Entry Level,0 - 1 Yrs of Exp,Data Entry | Analysis | Administration | Claims | Business Administration | Data Analysis | Microsoft Office | Data,https://wuzzuf.net/jobs/p/xSUehV75OHHb-Claims-and-Data-Specialist-Wisely-Insure-Cairo-Egypt?o=70&l=sp&t=sj&a=Data-Analyst|search-v3|navbg
70,Senior System Analyst,Mohandessin,Giza,ARCOM,Full Time,Experienced,5+ Yrs of Exp,Information Technology (IT) | IT | QA | System Analysis | Testing | Computer Science,https://wuzzuf.net/jobs/p/MwlH2elXsv6P-Senior-System-Analyst-ARCOM-Giza-Egypt?o=71&l=sp&t=sj&a=Data-Analyst|search-v3|navbg
71,CRM Analyst (HubSpot User),Maadi,Cairo,almentor,Full Time,Experienced,2 - 4 Yrs of Exp,Analysis | CRM | HubSpot | English | Information Technology (IT) | Computer Science | Business Analysis | Software | Education,https://wuzzuf.net/jobs/p/Z7FOHyE7yY9f-CRM-Analyst-HubSpot-User-almentor-Cairo-Egypt?o=72&l=sp&t=sj&a=Data-Analyst|search-v3|navbg
72,Senior Sales Performance Analyst,6th of October,Giza,Sary,Full Time,Experienced,4 - 7 Yrs of Exp,Sales Analysis | Analysis | Research | English | Sales | Training | Product knowledge | Business Development,https://wuzzuf.net/jobs/p/kgbpFv5QvriC-Senior-Sales-Performance-Analyst-Sary-Giza-Egypt?o=73&l=sp&t=sj&a=Data-Analyst|search-v3|navbg
73,FP&A and Pricing Senior Analyst,Giza,Egypt,Fawry Banking & Payment Technology Services,Full Time,Experienced,2 - 5 Yrs of Exp,Finance | Financial Analysis | Accounting | Pricing | Financial Accounting,https://wuzzuf.net/jobs/p/AMZR85LWqloo-FPA-and-Pricing-Senior-Analyst-Fawry-Banking-Payment-Technology-Services-Giza-Egypt?o=74&l=sp&t=sj&a=Data-Analyst|search-v3|navbg
74,Reporting Analyst,Maadi,Cairo,Sykes Enterprises,Full Time,Entry Level,0 - 2 Yrs of Exp,BI | Analysis | Power BI | SQL | Reporting | Wfm | English,https://wuzzuf.net/jobs/p/7WarqU8m2MTP-Reporting-Analyst-Sykes-Enterprises-Cairo-Egypt?o=75&l=sp&t=sj&a=Data-Analyst|search-v3|navbg
75,Business Analyst & Proposal Writer,Maadi,Cairo,RAQAMYAT,Full Time,Experienced,5+ Yrs of Exp,Analytical Skills | Business Analysis | Business Writing | Software | Ecommerce | Business Development,https://wuzzuf.net/jobs/p/ttCYeVWk93Uu-Business-Analyst-Proposal-Writer-RAQAMYAT-Cairo-Egypt?o=76&l=sp&t=sj&a=Data-Analyst|search-v3|navbg
76,Field Force Analyst,Sheraton,Cairo,Macro Group,Full Time,Experienced,3 - 5 Yrs of Exp,Analysis | CRM,https://wuzzuf.net/jobs/p/yYEPePTO3BuH-Field-Force-Analyst-Macro-Group-Cairo-Egypt?o=77&l=sp&t=sj&a=Data-Analyst|search-v3|navbg
77,Power BI Developer,Maadi,Cairo,Sceel.io,Full Time,Experienced,3 - 5 Yrs of Exp,Azure | BI | Big Data | Development | DAX | SQL | Power BI,https://wuzzuf.net/jobs/p/zX5A2XN9zSRQ-Power-BI-Developer-Sceel-io-Cairo-Egypt?o=78&l=sp&t=sj&a=Data-Analyst|search-v3|navbg
78,Financial Planning & Analysis Section Head,Gharbia,Egypt,Confidential,Full Time,Senior Management,10 - 12 Yrs of Exp,Accounting | Financial Planning | Analysis | Data Analysis | Financial Analysis | Oracle | Planning | Reporting,https://wuzzuf.net/jobs/p/stf16Wkt7u0O-Financial-Planning-Analysis-Section-Head-Gharbia-Egypt?o=79&l=sp&t=sj&a=Data-Analyst|search-v3|navbg
79,Senior Internal Auditor,Gharbia,Egypt,Confidential,Full Time,Experienced,5 - 7 Yrs of Exp,Audit | Auditing | quality | Quality Assurance | Risk Management | Accounting | Commerce,https://wuzzuf.net/jobs/p/lPsO5oLde7wj-Senior-Internal-Auditor-Gharbia-Egypt?o=80&l=sp&t=sj&a=Data-Analyst|search-v3|navbg
80,Social Researcher,Nasr City,Cairo,Confidential,Full Time,Experienced,2 - 6 Yrs of Exp,Research | Research Analysis | Data | E-Marketing | English | Market Research | Marketing,https://wuzzuf.net/jobs/p/ZgEuRui6WVSN-Social-Researcher-Cairo-Egypt?o=81&l=sp&t=sj&a=Data-Analyst|search-v3|navbg
81,Implementation Engineer,Heliopolis,Cairo,Trufla,Full Time,Experienced,2+ Yrs of Exp,MySQL | Django | HTML | CSS | JavaScript | Data Processing | React | Linux Operating System,https://wuzzuf.net/jobs/p/6uckvkgcTOAV-Implementation-Engineer-Trufla-Cairo-Egypt?o=82&l=sp&t=sj&a=Data-Analyst|search-v3|navbg
82,Category Manager,Maadi,Cairo,Abudawood Group Egypt,Full Time,Manager,2 - 6 Yrs of Exp,Category | Category Management | FMCG | Communication | English | Data Analysis | Forecasting,https://wuzzuf.net/jobs/p/IlfS1lSd7M7P-Category-Manager-Abudawood-Group-Egypt-Cairo-Egypt?o=83&l=sp&t=sj&a=Data-Analyst|search-v3|navbg
83,Senior Market Researcher (Qual & Quant),Cairo,Egypt,TRANSSION HOLDINGS,Full Time,Experienced,3 - 5 Yrs of Exp,Market Research | Management | English | Research | Qualitative Research | Quantitative Research | research methodologies,https://wuzzuf.net/jobs/p/rMF3XLkzBmaf-Senior-Market-Researcher-Qual-Quant-TRANSSION-HOLDINGS-Cairo-Egypt?o=84&l=sp&t=sj&a=Data-Analyst|search-v3|navbg
84,Business Intelligence (ETL) Specialist,6th of October,Giza,Raya Customer Experience,Full Time,Entry Level,1 - 3 Yrs of Exp,Business Intelligence | Big Data | Computer Science | Information Technology (IT) | SQL | technical | Data,https://wuzzuf.net/jobs/p/GpiDFIlVqLaD-Business-Intelligence-ETL-Specialist-Raya-Customer-Experience-Giza-Egypt?o=85&l=sp&t=sj&a=Data-Analyst|search-v3|navbg
85,Senior Data Analytics & Insights Specialist,Bolkly,Alexandria,Alexandria For Programming,Freelance / Project,Entry Level,1 - 18 Yrs of Exp,Analytical Skills | business | Digital Marketing | ERP | Marketing | Skills | Business Intelligence,https://wuzzuf.net/jobs/p/nUrq0H2g0Ptj-Senior-Data-Analytics-Insights-Specialist-Alexandria-For-Programming-Alexandria-Egypt?o=86&l=sp&t=sj&a=Data-Analyst|search-v3|navbg
86,Board Executive Assistant,Nasr City,Cairo,Taqneen,Full Time,Experienced,5 - 10 Yrs of Exp,Project Management | Administration | Arabic | Communication | Communication skills | English | Management | Microsoft Office | office,https://wuzzuf.net/jobs/p/N6kXvHT4mprO-Board-Executive-Assistant-Taqneen-Cairo-Egypt?o=87&l=sp&t=sj&a=Data-Analyst|search-v3|navbg
87,Microsoft 365 Security Engineer,New Cairo,Cairo,Global Brands,Full Time,Experienced,3+ Yrs of Exp,Active Directory | Azure | Cloud | Computer Engineering | Computer Science | Engineering | Information Technology (IT) | Microsoft,https://wuzzuf.net/jobs/p/LolcRewCftca-Microsoft-365-Security-Engineer-Global-Brands-Cairo-Egypt?o=88&l=sp&t=sj&a=Data-Analyst|search-v3|navbg
88,Market Research Specialist,Dokki,Giza,Confidential,Full Time,Entry Level,1+ Yrs of Exp,Research | Social Media | Analysis | business | Communication | E-Marketing | Market Research,https://wuzzuf.net/jobs/p/p63egskLwTfg-Market-Research-Specialist-Giza-Egypt?o=89&l=sp&t=sj&a=Data-Analyst|search-v3|navbg
89,Accounting Supervisor,Sheraton,Cairo,Confidential,Full Time,Manager,5 - 8 Yrs of Exp,Accounting | Accounting Software | Commerce | English | ERP | Finance | Financial Management,https://wuzzuf.net/jobs/p/rwAg2qKpW7AV-Accounting-Supervisor-Cairo-Egypt?o=90&l=sp&t=sj&a=Data-Analyst|search-v3|navbg
90,Senior SAP Analytics Cloud Consultant - (SAC),New Cairo,Cairo,Geidea,Full Time,Experienced,5 - 8 Yrs of Exp,Cloud | SAP HANA | SAP BW | SAP | OData Services | SQL | SAP BO Universe,https://wuzzuf.net/jobs/p/ywORY7xLOnt6-Senior-SAP-Analytics-Cloud-Consultant---SAC-Geidea-Cairo-Egypt?o=91&l=sp&t=sj&a=Data-Analyst|search-v3|navbg
91,Research Associate (Remote Work),Cairo,Egypt,BNC Network,Full Time | Work From Home,Entry Level,0 - 1 Yrs of Exp,Communication | Market Research | Research | Cold Calling | online research,https://wuzzuf.net/jobs/p/VOPqoNbAmZWR-Research-Associate-Remote-Work-BNC-Network-Cairo-Egypt?o=92&l=sp&t=sj&a=Data-Analyst|search-v3|navbg
92,SOC Engineer,Giza,Egypt,Link Datacenter,Full Time,Experienced,2+ Yrs of Exp,CEH | Computer Engineering | Computer Science | GCIH | GSEC | Information Security | Information Technology (IT) | Network Operations Center,https://wuzzuf.net/jobs/p/2LZnzlYeAMD2-SOC-Engineer-Link-Datacenter-Giza-Egypt?o=93&l=sp&t=sj&a=Data-Analyst|search-v3|navbg
93,Finance Manager,6th of October,Giza,Confidential,Full Time,Manager,10 - 15 Yrs of Exp,Finance | Accounting | Financial Management | ERP | Financial Analysis | English | Accounting Software,https://wuzzuf.net/jobs/p/E7CGZAaUREPe-Finance-Manager-Giza-Egypt?o=94&l=sp&t=sj&a=Data-Analyst|search-v3|navbg
94,Senior Xamarin Developer,Nasr City,Cairo,Smart IT,Full Time,Experienced,3 - 5 Yrs of Exp,Xamarin | Xamarin Forms | Xamarin Development | Software Development | developer | C# | Mobile Development | iOS,https://wuzzuf.net/jobs/p/7uaEYiu8NGWi-Senior-Xamarin-Developer-Smart-IT-Cairo-Egypt?o=95&l=sp&t=sj&a=Data-Analyst|search-v3|navbg
95,Associate Business Researcher - Skyminder,Heliopolis,Cairo,CRIF EGYPT,Full Time,Experienced,3 - 5 Yrs of Exp,Research | Analysis | Market Research | Finance | MS Office | Postgraduate | Business Development,https://wuzzuf.net/jobs/p/sjscZTuLOcf8-Associate-Business-Researcher---Skyminder-CRIF-EGYPT-Cairo-Egypt?o=96&l=sp&t=sj&a=Data-Analyst|search-v3|navbg
96,Senior React Native Developer,Nasr City,Cairo,Our Education,Full Time,Experienced,2 - 4 Yrs of Exp,Information Technology (IT) | Software Development | javaScript | React Native | Android | React | Computer Science,https://wuzzuf.net/jobs/p/oRaZTw8caUa4-Senior-React-Native-Developer-Our-Education-Cairo-Egypt?o=97&l=sp&t=sj&a=Data-Analyst|search-v3|navbg
97,Senior Internal Auditor,Shorouk City,Cairo,British University of Egypt,Full Time,Experienced,5+ Yrs of Exp,Auditing | Finance | Financial Analysis | MS Office | Accounting | Procedures,https://wuzzuf.net/jobs/p/nirCzwYvQyvS-Senior-Internal-Auditor-British-University-of-Egypt-Cairo-Egypt?o=98&l=sp&t=sj&a=Data-Analyst|search-v3|navbg
98,Full Stack Developer,Downtown,Cairo,empoweromics,Full Time,Experienced,3 - 5 Yrs of Exp,HTML | Information Technology (IT) | Java | JavaScript | jQuery | MySQL | React,https://wuzzuf.net/jobs/p/6xbEBAMGHPUE-Full-Stack-Developer-empoweromics-Cairo-Egypt?o=99&l=sp&t=sj&a=Data-Analyst|search-v3|navbg
99,Financial Planning And Analysis Supervisor,6th of October,Giza,Corona,Full Time,Experienced,3 - 6 Yrs of Exp,Financial Management | Accounting Systems | Finance | Financial Analysis | Accounting | English,https://wuzzuf.net/jobs/p/tqCZp5uQhjPa-Financial-Planning-And-Analysis-Supervisor-Corona-Giza-Egypt?o=100&l=sp&t=sj&a=Data-Analyst|search-v3|navbg
100,Backend Development Lead,Cairo,Egypt,Nugttah,Full Time | Work From Home,Experienced,2 - 6 Yrs of Exp,Node.js | MongoDB | JavaScript | MEAN Stack | Computer Science | Development | Debugging,https://wuzzuf.net/jobs/p/X0CAtdYhLGXK-Backend-Development-Lead-Nugttah-Cairo-Egypt?o=101&l=sp&t=sj&a=Data-Analyst|search-v3|navbg
101,"Full Stack Developer (.NET core , Angular)",Nasr City,Cairo,Smart IT,Full Time,Experienced,5+ Yrs of Exp,Information Technology (IT) | Software Development | Software Engineering | OOP | ASP.NET | C#.Net | ADO.NET | SQL,https://wuzzuf.net/jobs/p/pwS6z1wfqRxA-Full-Stack-Developer-NET-core-Angular-Smart-IT-Cairo-Egypt?o=102&l=sp&t=sj&a=Data-Analyst|search-v3|navbg
102,Head Of Gender Unit,Dokki,Giza,"The Micro, Small & Medium Enterprise Development Agency",Full Time,Senior Management,10 - 15 Yrs of Exp,gender | women | Program Development | socio-economic | empowerment | women support,https://wuzzuf.net/jobs/p/62kQFeFIdHPP-Head-Of-Gender-Unit-The-Micro-Small-Medium-Enterprise-Development-Agency-Giza-Egypt?o=103&l=sp&t=sj&a=Data-Analyst|search-v3|navbg
103,Software Support Engineer,Heliopolis,Cairo,Trufla,Full Time,Experienced,2+ Yrs of Exp,Cloud | Computer Science | Github | IT | Linux | Management | MySQL,https://wuzzuf.net/jobs/p/Fu7wB5gpiChY-Software-Support-Engineer-Trufla-Cairo-Egypt?o=104&l=sp&t=sj&a=Data-Analyst|search-v3|navbg
104,Senior Business Application Support,Giza,Giza,Al Ahly Medical Company,Full Time,Experienced,3+ Yrs of Exp,business | computer | Customer Care | Customer Service | Customer Support | Information Technology (IT) | ERP,https://wuzzuf.net/jobs/p/6fXrDFppbzn6-Senior-Business-Application-Support-Al-Ahly-Medical-Company-Giza-Egypt?o=105&l=sp&t=sj&a=Data-Analyst|search-v3|navbg
105,Senior Full Stack Developer,Cairo,Egypt,Confidential,Full Time | Work From Home,Experienced,4 - 8 Yrs of Exp,.Net | Angular | ASP.Net | Computer Science | Information Technology (IT) | Software Development | JavaScript | RESTful,https://wuzzuf.net/jobs/p/3CBtC6yVK6zR-Senior-Full-Stack-Developer-Cairo-Egypt?o=106&l=sp&t=sj&a=Data-Analyst|search-v3|navbg
106,Senior MS Dynamics CRM Developer,Cairo,Egypt,egabi solutions,Full Time,Experienced,4 - 6 Yrs of Exp,Power Automate | Power BI | Power Apps | Microsoft Dynamics 365 | CRM SDK | plugin | Microsoft SQL Server | Sharepoint,https://wuzzuf.net/jobs/p/23xhh7F3R0Kq-Senior-MS-Dynamics-CRM-Developer-egabi-solutions-Cairo-Egypt?o=107&l=sp&t=sj&a=Data-Analyst|search-v3|navbg
107,Strategic Planning Manger,New Cairo,Cairo,Confidential,Full Time,Manager,6 - 6 Yrs of Exp,Communication | QA | ERP | English | analytical | Quality Assurance | quality,https://wuzzuf.net/jobs/p/9nSOjTS1GbMx-Strategic-Planning-Manger-Cairo-Egypt?o=108&l=sp&t=sj&a=Data-Analyst|search-v3|navbg
108,Pricing Supervisor (Market Research),Maadi,Cairo,Andalusia Group,Full Time,Manager,1 - 3 Yrs of Exp,Pricing | coding | Analysis | Management | Research | Pharmaceutical | Database | Communication,https://wuzzuf.net/jobs/p/QIwAWIPBmg1G-Pricing-Supervisor-Market-Research-Andalusia-Group-Cairo-Egypt?o=109&l=sp&t=sj&a=Data-Analyst|search-v3|navbg
109,Risk Assistant Manager,Sheikh Zayed,Giza,A.T Lease Egypt,Full Time,Experienced,5 - 7 Yrs of Exp,Risk Management | Credit Risk,https://wuzzuf.net/jobs/p/m5YINfN7GjUj-Risk-Assistant-Manager-A-T-Lease-Egypt-Giza-Egypt?o=110&l=sp&t=sj&a=Data-Analyst|search-v3|navbg
110,QC Supervisor,Badr City,Cairo,Hikma Pharmaceuticals,Full Time,Manager,6 - 8 Yrs of Exp,Pharmaceutical | QC | Quality Control | Science | Laboratory | Sterile,https://wuzzuf.net/jobs/p/3DpQBRCY8szV-QC-Supervisor-Hikma-Pharmaceuticals-Cairo-Egypt?o=111&l=sp&t=sj&a=Data-Analyst|search-v3|navbg
111,Internal Auditor,Smouha,Alexandria,A2Z Lingerie,Full Time,Experienced,2 - 5 Yrs of Exp,Accounting | Auditing | Finance | Financial Analysis | Computer Skills | English | Microsoft Office | Commerce,https://wuzzuf.net/jobs/p/mpRnXK3c85F6-Internal-Auditor-A2Z-Lingerie-Alexandria-Egypt?o=112&l=sp&t=sj&a=Data-Analyst|search-v3|navbg
112,Marketing Supervisor,Cairo,Egypt,El Nahar for Medical Solutions,Full Time,Manager,3 - 5 Yrs of Exp,Market Research | Marketing | English | Planning | Creativity,https://wuzzuf.net/jobs/p/fvifGaO9O5Lw-Marketing-Supervisor-El-Nahar-for-Medical-Solutions-Cairo-Egypt?o=113&l=sp&t=sj&a=Data-Analyst|search-v3|navbg
113,Senior Software Developer (.Net Core),New Cairo,Cairo,BI-Technologies,Full Time,Experienced,3 - 7 Yrs of Exp,Information Technology (IT) | Computer Science | Software Engineering | Software Development | ASP.NET | SQL | javaScript | jQuery,https://wuzzuf.net/jobs/p/0iIJnrRIjpAk-Senior-Software-Developer-Net-Core-BI-Technologies-Cairo-Egypt?o=114&l=sp&t=sj&a=Data-Analyst|search-v3|navbg
114,Market Researcher,Cairo,Egypt,Turning Point for Consultancies and Development,Part Time | Freelance / Project,Experienced,5 - 20 Yrs of Exp,Feasibility Studies | Feasibility Study | Market Research | Research | Market Analysis | Analysis | E-Marketing | English,https://wuzzuf.net/jobs/p/cBlCUOF20stp-Market-Researcher-Turning-Point-for-Consultancies-and-Development-Cairo-Egypt?o=115&l=sp&t=sj&a=Data-Analyst|search-v3|navbg
115,Category Manager,Maadi,Cairo,Raya Distribution,Full Time,Manager,5 - 7 Yrs of Exp,Sales Operations | Communication | Category Management | Retail,https://wuzzuf.net/jobs/p/5tT2h1khSQX7-Category-Manager-Raya-Distribution-Cairo-Egypt?o=116&l=sp&t=sj&a=Data-Analyst|search-v3|navbg
116,Senior Internal Auditor,Sheikh Zayed,Giza,Gates Development,Full Time,Experienced,3 - 5 Yrs of Exp,Auditing | Commerce | Finance | Financial Analysis | Accounting | English | Communication | Auditor,https://wuzzuf.net/jobs/p/xqymmgIODlWs-Senior-Internal-Auditor-Gates-Development-Giza-Egypt?o=117&l=sp&t=sj&a=Data-Analyst|search-v3|navbg
117,Senior Financial Planning & Analysis Executive,New Cairo,Cairo,MENASSAT,Full Time,Experienced,5 - 7 Yrs of Exp,Business Analysis | Business Development | English | Presentation Skills | Analysis | Commerce | business | Microsoft Office,https://wuzzuf.net/jobs/p/FCBSY70cjww0-Senior-Financial-Planning-Analysis-Executive-MENASSAT-Cairo-Egypt?o=118&l=sp&t=sj&a=Data-Analyst|search-v3|navbg
118,QA QC Manager,New Capital,Cairo,Confidential,Full Time,Manager,10 - 15 Yrs of Exp,QA | QC | Quality Control | Quality Assurance | Construction | Civil Engineering | Engineering | Architecture,https://wuzzuf.net/jobs/p/WVpxiVfPybki-QA-QC-Manager-Cairo-Egypt?o=119&l=sp&t=sj&a=Data-Analyst|search-v3|navbg
119,Cost Accounting And Analysis Manager,Tanta,Gharbia,Confidential,Full Time,Manager,10 - 12 Yrs of Exp,Financial Analysis | Accounting | Cost Control | Financial Data Analysis | Financial Management | Finance | CMA | English,https://wuzzuf.net/jobs/p/oTUdtQgR4UEj-Cost-Accounting-And-Analysis-Manager-Gharbia-Egypt?o=120&l=sp&t=sj&a=Data-Analyst|search-v3|navbg
120,QSIT -Software Development Team Leader,Mokattam,Cairo,Alkan CIT,Full Time,Manager,8 - 12 Yrs of Exp,Computer Engineering | Computer Science | CSS | esri | GIS | HTML | HTML5 | Information Technology (IT),https://wuzzuf.net/jobs/p/TtvkbOxSJcyK-QSIT--Software-Development-Team-Leader-Alkan-CIT-Cairo-Egypt?o=121&l=sp&t=sj&a=Data-Analyst|search-v3|navbg
121,Full Stack Senior Java Developer (Remotely for USA),Nasr City,Cairo,Mobile Wave 3,Full Time,Experienced,4 - 7 Yrs of Exp,Full Stack | Computer Science | Java | JavaScript | React | CSS | Python | jQuery,https://wuzzuf.net/jobs/p/RvxHh93gyQn7-Full-Stack-Senior-Java-Developer-Remotely-for-USA-Mobile-Wave-3-Cairo-Egypt?o=122&l=sp&t=sj&a=Data-Analyst|search-v3|navbg
122,Senior NET Developer,Nasr City,Cairo,Z2 Data,Full Time,Experienced,4+ Yrs of Exp,Computer Science | Information Technology (IT) | Software Development | .NET | ASP.NET | C# | javaScript | MVC,https://wuzzuf.net/jobs/p/he031i1IbUrh-Senior-NET-Developer-Z2-Data-Cairo-Egypt?o=123&l=sp&t=sj&a=Data-Analyst|search-v3|navbg
123,Senior Software Tester,Maadi,Cairo,Confidential,Full Time,Experienced,5 - 8 Yrs of Exp,Computer Science | Certified Software Tester | Test Design | SQL | Reporting | Software | Testing | Automation,https://wuzzuf.net/jobs/p/ytgR1Q4wGWRs-Senior-Software-Tester-Cairo-Egypt?o=124&l=sp&t=sj&a=Data-Analyst|search-v3|navbg
124,Senior E Commerce Specialist,Sheraton,Cairo,Confidential,Full Time,Experienced,2 - 3 Yrs of Exp,E-Marketing | Marketing | Shopify | Social Media | Design | Web Design | Digital Marketing,https://wuzzuf.net/jobs/p/LcH8XaYuJHVr-Senior-E-Commerce-Specialist-Cairo-Egypt?o=125&l=sp&t=sj&a=Data-Analyst|search-v3|navbg
125,GIS,Zamalek,Cairo,Creditor for financial technology,Full Time,Experienced,3 - 5 Yrs of Exp,mapping | GIS | routes,https://wuzzuf.net/jobs/p/sQXs3y2PlKY2-GIS-Creditor-for-financial-technology-Cairo-Egypt?o=126&l=sp&t=sj&a=Data-Analyst|search-v3|navbg
126,Junior Artificial Intelligence (AI) Engineer,Cairo,Egypt,Limitless Labs,Full Time,Experienced,2+ Yrs of Exp,Machine Learning | Python | Programming Language | Artificial Intelligence (AI) | Computer Science | Statistical computing | Microsoft SQL | Power BI,https://wuzzuf.net/jobs/p/IbmKAU8v81eb-Junior-Artificial-Intelligence-AI-Engineer-Limitless-Labs-Cairo-Egypt?o=127&l=sp&t=sj&a=Data-Analyst|search-v3|navbg
127,Internal Auditor,6th of October,Giza,Ezz El arab,Full Time,Experienced,5+ Yrs of Exp,Auditing standards | Auditing | Computer Skills | Finance | MS Office | Accounting | Compliance Management,https://wuzzuf.net/jobs/p/zI9ByZlqm9CL-Internal-Auditor-Ezz-El-arab-Giza-Egypt?o=128&l=sp&t=sj&a=Data-Analyst|search-v3|navbg
128,Internal Auditor,Heliopolis,Cairo,Life Chemicals Group,Full Time,Experienced,4 - 5 Yrs of Exp,analytical | Auditing | Finance | Accounting | English | Financial Analysis | Computer Skills,https://wuzzuf.net/jobs/p/yjn5CJOBguvz-Internal-Auditor-Life-Chemicals-Group-Cairo-Egypt?o=129&l=sp&t=sj&a=Data-Analyst|search-v3|navbg
129,Finance & Banking Coordinator,Cairo,Egypt,Turning Point for Consultancies and Development,Part Time | Freelance / Project,Experienced,5 - 20 Yrs of Exp,Banking | Banks | Finance | Financial | Financial Analysis | Financial Institutions | Accounting | English,https://wuzzuf.net/jobs/p/0unjwQEejHND-Finance-Banking-Coordinator-Turning-Point-for-Consultancies-and-Development-Cairo-Egypt?o=130&l=sp&t=sj&a=Data-Analyst|search-v3|navbg
130,Junior Underwriter - Giza,Dokki,Giza,Arope Insurance,Full Time,Entry Level,0 - 1 Yrs of Exp,Accounting | Business Administration | Writing | Insurance | Underwriting | English | Arabic,https://wuzzuf.net/jobs/p/JP24wyNiRAWC-Junior-Underwriter---Giza-Arope-Insurance-Giza-Egypt?o=131&l=sp&t=sj&a=Data-Analyst|search-v3|navbg
131,Senior Market Research,Giza,Egypt,Nahdet Misr Publishing Group,Full Time,Experienced,2 - 4 Yrs of Exp,Marketing | Market Research | E-Marketing | Marketing Research | Research | Online Marketing | Economics | English,https://wuzzuf.net/jobs/p/HpoQ3zuqRQEo-Senior-Market-Research-Nahdet-Misr-Publishing-Group-Giza-Egypt?o=132&l=sp&t=sj&a=Data-Analyst|search-v3|navbg
132,Sales Coordinator,Giza,Giza,Abudawood Group Egypt,Full Time,Entry Level,0 - 2 Yrs of Exp,Accounting | Budgeting | Finance | Microsoft Office | Administration | Communication | Sales,https://wuzzuf.net/jobs/p/AIsuOXn8QRjY-Sales-Coordinator-Abudawood-Group-Egypt-Giza-Egypt?o=133&l=sp&t=sj&a=Data-Analyst|search-v3|navbg
133,Formulation Specialist,Salam City,Cairo,Heliopolis University,Full Time,Experienced,3 - 5 Yrs of Exp,Formulation | Pharmaceutical | R&D | Research | Pharmacy | Analysis | Science,https://wuzzuf.net/jobs/p/P7TzLLTC98rU-Formulation-Specialist-Heliopolis-University-Cairo-Egypt?o=134&l=sp&t=sj&a=Data-Analyst|search-v3|navbg
134,Senior Full Stack Developer,Nasr City,Cairo,3S Software,Full Time,Experienced,5 - 7 Yrs of Exp,MySQL | Angular | Computer Science | CSS | .Net | HTML | HTML5,https://wuzzuf.net/jobs/p/bOgpU9xN5F06-Senior-Full-Stack-Developer-3S-Software-Cairo-Egypt?o=135&l=sp&t=sj&a=Data-Analyst|search-v3|navbg
135,E- Commerce Specialist,Katameya,Cairo,LG Electronics,Full Time,Experienced,3 - 7 Yrs of Exp,E-Marketing | Google Analytics | Management | SEO | Social Media | Commerce | Business Administration,https://wuzzuf.net/jobs/p/UYcoRkDM5mEk-E--Commerce-Specialist-LG-Electronics-Cairo-Egypt?o=136&l=sp&t=sj&a=Data-Analyst|search-v3|navbg
136,Financial Planning & Analysis Section Head,Helwan,Cairo,Confidential,Full Time,Senior Management,5 - 7 Yrs of Exp,Accounting | Financial Planning | Financial | Financial Analysis | Financial Management | Planning | Finance | Reporting,https://wuzzuf.net/jobs/p/XvbORIIdW8l6-Financial-Planning-Analysis-Section-Head-Cairo-Egypt?o=137&l=sp&t=sj&a=Data-Analyst|search-v3|navbg
137,Accounting Supervisor,Suez,Egypt,Confidential,Full Time,Manager,5 - 6 Yrs of Exp,Accounting | Accounting Supervisor | Commerce | Communication | Computer Skills | excel | Finance | Financial Analysis,https://wuzzuf.net/jobs/p/t0uwV8M1534c-Accounting-Supervisor-Suez-Egypt?o=138&l=sp&t=sj&a=Data-Analyst|search-v3|navbg
138,AML & Underwriting Specialist,Smart Village,Giza,Fawry Banking & Payment Technology Services,Full Time,Entry Level,1 - 2 Yrs of Exp,Underwriting | AML | KYC | Reporting | Microsoft Excel | Access skills | Accounting | Auditing,https://wuzzuf.net/jobs/p/g3QRUGyVH62W-AML-Underwriting-Specialist-Fawry-Banking-Payment-Technology-Services-Giza-Egypt?o=139&l=sp&t=sj&a=Data-Analyst|search-v3|navbg
139,Research Software Development Engineer,Maadi,Cairo,TensorGraph,Full Time,Experienced,2 - 4 Yrs of Exp,Development | Computer Science | Software Development | Software | NodeJS | Software Engineering | Information Technology (IT),https://wuzzuf.net/jobs/p/bcodR5Fpewkv-Research-Software-Development-Engineer-TensorGraph-Cairo-Egypt?o=140&l=sp&t=sj&a=Data-Analyst|search-v3|navbg
140,GIS Specialist,Smart Village,Giza,Fawry Banking & Payment Technology Services,Full Time,Entry Level,1 - 3 Yrs of Exp,Information Technology (IT) | GIS | Sales | Sales Target | Excel | English | Geographic Information System,https://wuzzuf.net/jobs/p/OKMc6Q3Wm0WR-GIS-Specialist-Fawry-Banking-Payment-Technology-Services-Giza-Egypt?o=141&l=sp&t=sj&a=Data-Analyst|search-v3|navbg
141,Promotion Category Manager,Giza,Egypt,Nahdet Misr Publishing Group,Full Time,Manager,10 - 12 Yrs of Exp,Sales | Sales Target | Sales Field | Sales Management | Sales Skills,https://wuzzuf.net/jobs/p/wPbh74W3QGeH-Promotion-Category-Manager-Nahdet-Misr-Publishing-Group-Giza-Egypt?o=142&l=sp&t=sj&a=Data-Analyst|search-v3|navbg
142,Senior Product Manager,Maadi,Cairo,almentor,Full Time,Experienced,4 - 5 Yrs of Exp,Product Management | Business Analysis | SQL | Computer Engineering | Computer Science | Communication skills | Design,https://wuzzuf.net/jobs/p/N9uXYVRed55x-Senior-Product-Manager-almentor-Cairo-Egypt?o=143&l=sp&t=sj&a=Data-Analyst|search-v3|navbg
143,Research Coordinator,Sheikh Zayed,Giza,Nile University,Full Time,Experienced,2 - 4 Yrs of Exp,University Ranking | Education | Administration | English | Engineering | Research | Market Research | Marketing,https://wuzzuf.net/jobs/p/DPnZraKscQrv-Research-Coordinator-Nile-University-Giza-Egypt?o=144&l=sp&t=sj&a=Data-Analyst|search-v3|navbg
144,Machine Translation Engineer,Giza,Egypt,Future Group,Full Time | Work From Home,Experienced,4+ Yrs of Exp,English | Localization | Machine Learning | Machine Translation | Natural Language Processing | Software Development | Python,https://wuzzuf.net/jobs/p/ZfMbp8Qpkepo-Machine-Translation-Engineer-Future-Group-Giza-Egypt?o=145&l=sp&t=sj&a=Data-Analyst|search-v3|navbg
145,Senior Java Developer,Dokki,Giza,RDI,Full Time,Experienced,2+ Yrs of Exp,Java | Spring Framework | Java EE | OOD | Linux | Spring | Spring Boot | REST API,https://wuzzuf.net/jobs/p/a1tmPjY3HwDT-Senior-Java-Developer-RDI-Giza-Egypt?o=146&l=sp&t=sj&a=Data-Analyst|search-v3|navbg
146,Senior Flutter Developer,Tanta,Gharbia,Arab Apps,Full Time,Experienced,4 - 5 Yrs of Exp,Engineering | Git | Flutter | Information Technology (IT) | HTML5 | CSS3 | Computer Science | Java,https://wuzzuf.net/jobs/p/jiCy6jD3gQfj-Senior-Flutter-Developer-Arab-Apps-Gharbia-Egypt?o=147&l=sp&t=sj&a=Data-Analyst|search-v3|navbg
147,Junior .Net Developer- Cairo,Nasr City,Cairo,Z2 Data,Full Time,Entry Level,0 - 1 Yrs of Exp,Software Development | Web Development | ASP.Net | .Net | C# | Computer Science | Information Technology (IT),https://wuzzuf.net/jobs/p/QRwDya4dRL80-Junior-Net-Developer--Cairo-Z2-Data-Cairo-Egypt?o=148&l=sp&t=sj&a=Data-Analyst|search-v3|navbg
148,Google Expert,Sheikh Zayed,Giza,3Now,Full Time,Experienced,3+ Yrs of Exp,google expert | Google Ads | Google Analytics | Marketing | SEO | google | Analysis | AdWords,https://wuzzuf.net/jobs/p/5DNu0IvRfuU3-Google-Expert-3Now-Giza-Egypt?o=149&l=sp&t=sj&a=Data-Analyst|search-v3|navbg
149,Junior .Net Developer- Banha,Banha,Qalubia,Z2 Data,Full Time,Entry Level,0 - 1 Yrs of Exp,.Net | ASP.Net | C# | Computer Science | Information Technology (IT) | JavaScript | MVC,https://wuzzuf.net/jobs/p/KghFTtgXJfbJ-Junior-Net-Developer--Banha-Z2-Data-Qalubia-Egypt?o=150&l=sp&t=sj&a=Data-Analyst|search-v3|navbg
150,Product Manager,Giza,Egypt,Future Group,Full Time | Work From Home,Manager,3 - 5 Yrs of Exp,business | Information Technology (IT) | Market Research | JIRA | Product Management | Marketing | Product Owner,https://wuzzuf.net/jobs/p/tmfFIS9gWEAm-Product-Manager-Future-Group-Giza-Egypt?o=151&l=sp&t=sj&a=Data-Analyst|search-v3|navbg
